<?xml version="1.0" encoding="UTF-8"?>
<metadata>
	<layout title="COM_NEWSFEEDS_CATEGORY_VIEW_DEFAULT_TITLE" option="COM_NEWSFEEDS_CATEGORY_VIEW_DEFAULT_OPTION">
		<help
			key = "Menu_Item:_List_News_Feeds_in_a_Category"
		/>
		<message>
			<![CDATA[COM_NEWSFEEDS_CATEGORY_VIEW_DEFAULT_DESC]]>
		</message>
	</layout>

	<!-- Add fields to the request variables for the layout. -->
	<fields name="request">
		<fieldset
			name="request"
			addfieldprefix="Joomla\Component\Categories\Administrator\Field"
			>
			<field
				name="id"
				type="modal_category"
				label="JCATEGORY"
				extension="com_newsfeeds"
				required="true"
				select="true"
				new="true"
				edit="true"
				clear="true"
			/>
		</fieldset>
	</fields>

	<!-- Add fields to the parameters object for the layout. -->
	<fields name="params">
		<fieldset name="basic" label="JGLOBAL_CATEGORY_OPTIONS" description="JGLOBAL_SUBSLIDER_DRILL_CATEGORIES_LABEL">

			<field
				name="show_category_title"
				type="list"
				label="JGLOBAL_SHOW_CATEGORY_TITLE"
				useglobal="true"
				class="form-select-color-state"
				validate="options"
				>
				<option value="0">JHIDE</option>
				<option value="1">JSHOW</option>
			</field>

			<field
				name="show_description"
				type="list"
				label="JGLOBAL_SHOW_CATEGORY_DESCRIPTION_LABEL"
				useglobal="true"
				class="form-select-color-state"
				validate="options"
				>
				<option value="0">JHIDE</option>
				<option value="1">JSHOW</option>
			</field>

			<field
				name="show_description_image"
				type="list"
				label="JGLOBAL_SHOW_CATEGORY_IMAGE_LABEL"
				useglobal="true"
				class="form-select-color-state"
				validate="options"
				>
				<option value="0">JHIDE</option>
				<option value="1">JSHOW</option>
			</field>

			<field
				name="maxLevel"
				type="list"
				label="JGLOBAL_MAXIMUM_CATEGORY_LEVELS_LABEL"
				useglobal="true"
				validate="options"
				>
				<option value="-1">JALL</option>
				<option value="0">JNONE</option>
				<option value="1">J1</option>
				<option value="2">J2</option>
				<option value="3">J3</option>
				<option value="4">J4</option>
				<option value="5">J5</option>
			</field>

			<field
				name="show_empty_categories"
				type="list"
				label="JGLOBAL_SHOW_EMPTY_CATEGORIES_LABEL"
				useglobal="true"
				class="form-select-color-state"
				validate="options"
				>
				<option value="0">JHIDE</option>
				<option value="1">JSHOW</option>
			</field>

			<field
				name="show_subcat_desc"
				type="list"
				label="JGLOBAL_SHOW_SUBCATEGORIES_DESCRIPTION_LABEL"
				useglobal="true"
				class="form-select-color-state"
				validate="options"
				>
				<option value="0">JHIDE</option>
				<option value="1">JSHOW</option>
			</field>

			<field
				name="show_cat_items"
				type="list"
				label="COM_NEWSFEEDS_FIELD_SHOW_CAT_ITEMS_LABEL"
				useglobal="true"
				class="form-select-color-state"
				validate="options"
				>
				<option value="0">JHIDE</option>
				<option value="1">JSHOW</option>
			</field>
		</fieldset>
		<fieldset name="advanced" label="JGLOBAL_LIST_LAYOUT_OPTIONS" description="JGLOBAL_SUBSLIDER_DRILL_CATEGORIES_LABEL">

			<field
				name="filter_field"
				type="list"
				label="JGLOBAL_FILTER_FIELD_LABEL"
				default=""
				useglobal="true"
				class="form-select-color-state"
				validate="options"
				>
				<option value="hide">JHIDE</option>
				<option value="1">JSHOW</option>
			</field>

			<field
				name="show_pagination_limit"
				type="list"
				label="JGLOBAL_DISPLAY_SELECT_LABEL"
				useglobal="true"
				class="form-select-color-state"
				validate="options"
				>
				<option value="0">JHIDE</option>
				<option value="1">JSHOW</option>
			</field>

			<field
				name="show_articles"
				type="list"
				label="COM_NEWSFEEDS_FIELD_NUM_ARTICLES_COLUMN_LABEL"
				useglobal="true"
				class="form-select-color-state"
				validate="options"
				>
				<option value="0">JHIDE</option>
				<option value="1">JSHOW</option>
			</field>

			<field
				name="show_link"
				type="list"
				label="COM_NEWSFEEDS_FIELD_SHOW_LINKS_LABEL"
				useglobal="true"
				class="form-select-color-state"
				validate="options"
				>
				<option value="0">JHIDE</option>
				<option value="1">JSHOW</option>
			</field>

			<field
				name="show_pagination"
				type="list"
				label="JGLOBAL_PAGINATION_LABEL"
				useglobal="true"
				class="form-select-color-state"
				validate="options"
				>
				<option value="0">JHIDE</option>
				<option value="1">JSHOW</option>
				<option value="2">JGLOBAL_AUTO</option>
			</field>

			<field
				name="show_pagination_results"
				type="list"
				label="JGLOBAL_PAGINATION_RESULTS_LABEL"
				useglobal="true"
				class="form-select-color-state"
				validate="options"
				>
				<option value="0">JHIDE</option>
				<option value="1">JSHOW</option>
			</field>
		</fieldset>

		<fieldset name="newsfeed" label="COM_NEWSFEEDS_FIELDSET_MORE_OPTIONS_LABEL">
			<field
				name="show_feed_image"
				type="list"
				label="COM_NEWSFEEDS_FIELD_SHOW_FEED_IMAGE_LABEL"
				useglobal="true"
				class="form-select-color-state"
				validate="options"
				>
				<option value="0">JHIDE</option>
				<option value="1">JSHOW</option>
			</field>

			<field
				name="show_feed_description"
				type="list"
				label="COM_NEWSFEEDS_FIELD_SHOW_FEED_DESCRIPTION_LABEL"
				useglobal="true"
				class="form-select-color-state"
				validate="options"
				>
				<option value="0">JHIDE</option>
				<option value="1">JSHOW</option>
			</field>

			<field
				name="show_item_description"
				type="list"
				label="COM_NEWSFEEDS_FIELD_SHOW_ITEM_DESCRIPTION_LABEL"
				useglobal="true"
				class="form-select-color-state"
				validate="options"
				>
				<option value="0">JHIDE</option>
				<option value="1">JSHOW</option>
			</field>

			<field
				name="feed_character_count"
				type="number"
				label="COM_NEWSFEEDS_FIELD_CHARACTER_COUNT_LABEL"
				description="COM_NEWSFEEDS_FIELD_CHARACTER_COUNT_DESC"
				filter="integer"
				useglobal="true"
			/>

			<field
				name="feed_display_order"
				type="list"
				label="COM_NEWSFEEDS_FIELD_FEED_DISPLAY_ORDER_LABEL"
				useglobal="true"
				validate="options"
				>
				<option value="des">JGLOBAL_MOST_RECENT_FIRST</option>
				<option value="asc">JGLOBAL_OLDEST_FIRST</option>
			</field>
		</fieldset>
	</fields>
</metadata>
