<?xml version="1.0" encoding="UTF-8"?>
<metadata>
	<layout title="COM_TAGS_TAG_VIEW_LIST_COMPACT_TITLE" option="COM_TAGS_TAG_VIEW_LIST_COMPACT_OPTION">
		<help
			key="Menu_Item:_Compact_List_of_Tagged_Items"
		/>
		<message>
			<![CDATA[COM_TAGS_TAG_VIEW_LIST_DESC]]>
		</message>
	</layout>

	<!-- Add fields to the request variables for the layout. -->
	<fields name="request">
		<fieldset name="request">

			<field
				name="id"
				type="tag"
				label="COM_TAGS_FIELD_TAG_LABEL"
				mode="nested"
				required="true"
				multiple="true"
				custom="false"
			/>

			<field
				name="types"
				type="contenttype"
				label="COM_TAGS_FIELD_TYPE_LABEL"
				layout="joomla.form.field.list-fancy-select"
				multiple="true"
			/>

			<field
				name="tag_list_language_filter"
				type="contentlanguage"
				label="COM_TAGS_FIELD_LANGUAGE_FILTER_LABEL"
				default=""
				useglobal="true"
				>
				<option value="all">JALL</option>
				<option value="current_language">JCURRENT</option>
			</field>

		</fieldset>
	</fields>
	<!-- Add fields to the parameters object for the layout. -->
	<fields name="params">
		<fieldset name="basic" label="COM_TAGS_OPTIONS">

			<field
				name="show_tag_title"
				type="list"
				label="COM_TAGS_SHOW_TAG_TITLE_LABEL"
				useglobal="true"
				class="form-select-color-state"
				validate="options"
				>
				<option value="0">JHIDE</option>
				<option value="1">JSHOW</option>
			</field>

			<field
				name="tag_list_show_tag_image"
				type="list"
				label="COM_TAGS_SHOW_TAG_IMAGE_LABEL"
				useglobal="true"
				class="form-select-color-state"
				validate="options"
				>
				<option value="0">JHIDE</option>
				<option value="1">JSHOW</option>
			</field>

			<field
				name="tag_list_show_tag_description"
				type="list"
				label="COM_TAGS_SHOW_TAG_DESCRIPTION_LABEL"
				useglobal="true"
				class="form-select-color-state"
				validate="options"
				>
				<option value="0">JHIDE</option>
				<option value="1">JSHOW</option>
			</field>

			<field
				name="tag_list_image"
				type="media"
				label="COM_TAGS_TAG_LIST_MEDIA_LABEL"
			/>

			<field
				name="tag_list_image_alt"
				type="text"
				label="COM_TAGS_TAG_LIST_MEDIA_ALT_LABEL"
			/>

			<field
				name="tag_list_image_alt_empty"
				type="checkbox"
				label="COM_TAGS_TAG_LIST_MEDIA_ALT_EMPTY_LABEL"
				description="COM_TAGS_TAG_LIST_MEDIA_ALT_EMPTY_DESC"
			/>

			<field
				name="tag_list_description"
				type="textarea"
				label="COM_TAGS_SHOW_TAG_LIST_DESCRIPTION_LABEL"
				description="COM_TAGS_TAG_LIST_DESCRIPTION_DESC"
				rows="3"
				cols="30"
				filter="safehtml"
			/>

			<field
				name="tag_list_orderby"
				type="list"
				label="JGLOBAL_FIELD_FIELD_ORDERING_LABEL"
				default=""
				useglobal="true"
				validate="options"
				>
				<option value="c.core_title">JGLOBAL_TITLE</option>
				<option value="match_count">COM_TAGS_MATCH_COUNT</option>
				<option value="c.core_created_time">JGLOBAL_CREATED_DATE</option>
				<option value="c.core_modified_time">JGLOBAL_MODIFIED_DATE</option>
				<option value="c.core_publish_up">JGLOBAL_PUBLISHED_DATE</option>
			</field>

			<field
				name="tag_list_orderby_direction"
				type="list"
				label="JGLOBAL_ORDER_DIRECTION_LABEL"
				useglobal="true"
				validate="options"
				>
				<option value="ASC">JGLOBAL_ORDER_ASCENDING</option>
				<option value="DESC">JGLOBAL_ORDER_DESCENDING</option>
			</field>

		</fieldset>

		<fieldset name="advanced" label="JGLOBAL_LIST_LAYOUT_OPTIONS" description="COM_TAGS_SUBSLIDER_DRILL_TAG_LIST_LABEL">

			<field
				name="tag_list_show_item_image"
				type="list"
				label="COM_TAGS_TAG_LIST_SHOW_ITEM_IMAGE_LABEL"
				useglobal="true"
				class="form-select-color-state"
				validate="options"
				>
				<option value="0">JHIDE</option>
				<option value="1">JSHOW</option>
			</field>

			<field
				name="tag_list_show_item_description"
				type="list"
				label="COM_TAGS_TAG_LIST_SHOW_ITEM_DESCRIPTION_LABEL"
				useglobal="true"
				class="form-select-color-state"
				validate="options"
				>
				<option value="0">JHIDE</option>
				<option value="1">JSHOW</option>
			</field>

			<field
				name="tag_list_item_maximum_characters"
				type="number"
				label="COM_TAGS_LIST_MAX_CHARACTERS_LABEL"
				filter="integer"
				useglobal="true"
			/>

			<field
				name="filter_field"
				type="list"
				label="JGLOBAL_FILTER_FIELD_LABEL"
				default=""
				useglobal="true"
				class="form-select-color-state"
				validate="options"
				>
				<option value="0">JHIDE</option>
				<option value="1">JSHOW</option>
			</field>

			<field
				name="show_headings"
				type="list"
				label="JGLOBAL_SHOW_HEADINGS_LABEL"
				useglobal="true"
				class="form-select-color-state"
				validate="options"
				>
				<option value="0">JHIDE</option>
				<option value="1">JSHOW</option>
			</field>

			<field
				name="show_pagination_limit"
				type="list"
				label="JGLOBAL_DISPLAY_SELECT_LABEL"
				useglobal="true"
				class="form-select-color-state"
				validate="options"
				>
				<option value="0">JHIDE</option>
				<option value="1">JSHOW</option>
			</field>

			<field
				name="display_num"
				type="list"
				label="COM_TAGS_FIELD_NUMBER_ITEMS_LIST_LABEL"
				class="form-select-color-state"
				validate="options"
				>
				<option value="">JGLOBAL_USE_GLOBAL</option>
				<option value="5">J5</option>
				<option value="10">J10</option>
				<option value="15">J15</option>
				<option value="20">J20</option>
				<option value="25">J25</option>
				<option value="30">J30</option>
				<option value="50">J50</option>
				<option value="100">J100</option>
				<option value="0">JALL</option>
			</field>

			<field
				name="show_pagination"
				type="list"
				label="JGLOBAL_PAGINATION_LABEL"
				useglobal="true"
				class="form-select-color-state"
				validate="options"
				>
				<option value="0">JHIDE</option>
				<option value="1">JSHOW</option>
				<option value="2">JGLOBAL_AUTO</option>
			</field>

			<field
				name="show_pagination_results"
				type="list"
				label="JGLOBAL_PAGINATION_RESULTS_LABEL"
				useglobal="true"
				class="form-select-color-state"
				validate="options"
				>
				<option value="0">JHIDE</option>
				<option value="1">JSHOW</option>
			</field>

			<field
				name="tag_list_show_date"
				type="list"
				label="JGLOBAL_SHOW_DATE_LABEL"
				useglobal="true"
				class="form-select-color-state"
				validate="options"
				>
				<option value="0">JHIDE</option>
				<option value="created">JGLOBAL_CREATED</option>
				<option value="modified">JGLOBAL_MODIFIED</option>
				<option value="published">JPUBLISHED</option>
			</field>

			<field
				name="date_format"
				type="text"
				label="JGLOBAL_DATE_FORMAT_LABEL"
				description="JGLOBAL_DATE_FORMAT_DESC"
			/>

		</fieldset>

		<fieldset name="selection" label="COM_TAGS_LIST_SELECTION_OPTIONS">

			<field
				name="return_any_or_all"
				type="list"
				label="COM_TAGS_SEARCH_TYPE_LABEL"
				useglobal="true"
				validate="options"
				>
				<option value="0">COM_TAGS_ALL</option>
				<option value="1">COM_TAGS_ANY</option>
			</field>

			<field
				name="include_children"
				type="list"
				label="COM_TAGS_INCLUDE_CHILDREN_LABEL"
				default=""
				useglobal="true"
				validate="options"
				>
				<option value="0">COM_TAGS_EXCLUDE</option>
				<option value="1">COM_TAGS_INCLUDE</option>
			</field>

		</fieldset>

		<fieldset name="integration">

			<field
				name="show_feed_link"
				type="list"
				label="JGLOBAL_SHOW_FEED_LINK_LABEL"
				useglobal="true"
				class="form-select-color-state"
				validate="options"
				>
				<option value="0">JHIDE</option>
				<option value="1">JSHOW</option>
			</field>

		</fieldset>
	</fields>
</metadata>
