<?xml version="1.0" encoding="utf-8"?>
<metadata>
    <layout title="COM_REQUESTS_TITLE_ITEM_VIEW_REQUEST" option="View">
        <message>
                        <![CDATA[COM_REQUESTS_TITLE_ITEM_VIEW_REQUEST_DESC]]>
        </message>
    </layout>
    <fields name="request">
        <fieldset 
            name="request"
            label="COM_REQUESTS_FIELDSET_ITEM_ID_SELECT_LABEL">
            <field
                name="id"
                query="SELECT `id`, `title` FROM #__requests ORDER BY `id`"
                type="sql"
                key_field="id" 
                value_field="title"
                label="COM_REQUESTS_ITEM_ID_SELECT_LABEL"
                require="true"
                description="JGLOBAL_SHOW_TITLE_DESC">
            </field>
        </fieldset>
    </fields>
</metadata>
