<?xml version="1.0" encoding="utf-8"?>
<metadata>
    <layout title="COM_STUDENTS_TITLE_ITEM_VIEW_STUDENT" option="View">
        <message>
                        <![CDATA[COM_STUDENTS_TITLE_ITEM_VIEW_STUDENT_DESC]]>
        </message>
    </layout>
    <fields name="request">
        <fieldset 
            name="request"
            label="COM_STUDENTS_FIELDSET_ITEM_ID_SELECT_LABEL">
            <field
                name="id"
                query="SELECT `id`, `masv` FROM #__students ORDER BY `id`"
                type="sql"
                key_field="id" 
                value_field="masv"
                label="COM_STUDENTS_ITEM_ID_SELECT_LABEL"
                require="true"
                description="JGLOBAL_SHOW_TITLE_DESC">
            </field>
        </fieldset>
    </fields>
</metadata>
